"Ticker","CA"
"FCBC1","0xc6f8b28cc1a07c51010034bdaa6c636751bc0622"
"FCBC2","0x513fa5b0ee7b79362dc63f5ac36a5e729b012e39"
"FCBC3","0xb7a7784afe4484bf2c905df802f5b2e544c2d8bf"
"FCBC4","0xeb6671e2299e6a0bec643f990b04a824af5ab259"
"FCBC5","0xff8c0654a3202997af271a7b27da7a84c2d97f3f"
"FCBC6","0x5929ad139f5624cb7182d7fb30ef3335e1a8e51b"
"FCBC7","0x688ed04190ee9229498ab9090fde995fb94fd35d"
"FCBC8","0xc8b2655794dbd1a8fbdf96abf3b834b704f9da36"
"FCBC9","0x74c733ed7617f599ed1ec3304200095a72f7ec4d"
"FCBC10","0x557801e3fb82793fd0f9b2f9fc81b5dfe3770ad4"
"FCBC11","0xa759e1ee3f791e88f250f6fcf441fbae1ec33e98"
"FCBC12","0x85751a93908b52a2e6a3e102374595b46c254991"
"FCBC13","0xc448a0223afd7f093fc6dce8f25e6ce6f9a414f5"
"FCBC14","0x371b66683b17633a6d721c5228a4202a5d41503a"
"FCBC15","0x721ddbf53097dd911700cf2e0c091173ef368569"
"FCBC16","0x6cf402a30d5906f38830121466fba1097ed2b019"
"FCBC17","0x27dedbf24263bb929d777531d5dd7f1549cdfa9a"
"FCBC18","0x95227f73864d8e73eaf862c654a71819b7be5b0f"
"FCBC19","0x6a1418fb8334f8c9c1a34fde96568cddcca5393e"
"FCBC20","0x99b56988babbf67b53c9b0c7566d9a1ca62b9463"
"FCBC21","0xbfca039bbda0bd750c2b83d666810b1bb4d31b38"
"FCBC22","0x76f8c3f7047da5854b3077cf300ace771e7db82d"
"FCBC23","0x6774b523e6e2dd4893af2ede13370d42f40d8fa5"
"FCBC24","0x849e2f349e1e0d7a4365b6ca92b162b07e3ce5b5"
"FCBC25","0x84de9834f9fd0910d7b570a4c9af362d90332330"
"FCBC26","0x2989745efb97e3c8d9fd75bd95dcc7d5c7ab3e85"
"FCBC27","0xb7ea53db33624a4909862f4801f7326521dbf6b9"
"FCBC28","0x131675cd918b01362b8dbfa85609c7884e4c32c8"
"FCBC29","0x4ed5b28ec805bc50036964174cba76cfd6fce737"
"FCBC30","0xe2b5b66ebc83a3c3c9972dbb64fc31cc262c8e2c"
"FCBC31","0x099a486ae50d243ae5aec1599779d1b0b1c1bd39"
"FCBC32","0x658d94a76bbd7810a79cc33583ea0ea11a857896"
"FCBC33","0xdb294f25372e9eed6cccfa6d40b3e47dd5d30332"
"FCBC34","0x3d60309b3d79958c1a2ce961e5dfc615d57a9618"
"FCBC35","0xc25655a9fddae133bc856b99abef8b7007c15170"
"FCBC36","0x230b667d939bbd28678e1cb35ae99881fd7f2303"
"FCBC37","0x94499122805bf5980a35d80e72728c552da33b86"
"FCBC38","0x7420265ba638ef12dc47cc07895e71255c438d96"
"FCBC39","0x73f71321ceb926c189332bb0f1b334858a27a36d"
"FCBC40","0xfb5783da6c1c1d1f55a6fa24c165e8351cb41cc4"
"FCBC41","0x8416ed3070d0b43abf06806b1127c0b75eed3c7c"
"FCBC42","0x36d486091dd43c4fc12390a7973ed53acd7b4249"
"FCBC43","0x40e11098ff066fb48c6145c413c3ba1e38614e94"
"FCBC44","0x9dd3b5014321fe9ea143b4664fd8d1586e1f97a0"
"FCBC45","0xcd3bb506d1fd980ee29e1cfb8db6261b8f900d8f"
"FCBC46","0x196a5ca294282f4777b95acc418220c3d53651a4"
"FCBC47","0x8f55e1e0e7fe4533a1a0eb101ddbc5483bb07463"
"FCBC48","0xf3739d4febe56e89408dd02137762a72c9a3c00e"
"FCBC49","0xfa9026b02c2d99ee3580c90e22e928e2d9189478"
"FCBC50","0x9e5ddf025caf9e5c190c85b205a3ef33648ea87f"
"FCBC51","0xbe491afd6625386e5535140b89ac53b78917e2c7"
"FCBC52","0xe8c8aa34d53e432d4feaf61dcffb30ca698f194d"
"FCBC53","0x0f34c95fa2a84fc325b679f9f89b0b52e31a4c83"
"FCBC54","0xee679869f190a7b652777a5f811c649183b06041"
"FCBC55","0x27dd6808d3cdcdbc347ba47261e2c415df671359"
"FCBC56","0x030fd2c0f43ead15c8fd0be420ee82795cc5c75d"
"FCBC57","0x3824477b35586366773ee28bd37478a52ff0c604"
"FCBC58","0xc5a24d0df0e98ed1c6c44c808734a46a47741669"
"FCBC59","0x521a8d2239558eeb0565df34ab66d34e74e9610c"
"FCBC60","0xd32b4cce8abfdf05c3ac835f1efac2ca5efe480b"
"FCBC61","0x7f9e46195bc7c142578ee70df7bb5b5999876232"
"FCBC62","0x4187884929d95b054b367eceeec3eeb6cb0e027c"
"FCBC63","0x25111c9aba6fa8fc939eda4551ba4f00a212cfea"
"FCBC64","0xbea0b5b1c1f5dafabcd29b44031691ad4b4e1eb7"
"FCBC65","0x6138d0e49b73744c0e206054450e36c16c13eab6"
"FCBC66","0x9eb6aed6e33c52b8c4f88e9a09ab65adf3edef92"
"FCBC67","0x19eb48c5fd949cff3e7e2d2b5ae6efcd44672944"
"FCBC68","0x089a54dfe93fc3208b56189e3a5fff264958ecc1"
"FCBC69","0xae844ec1fbb18d8b5b0a2ec5e6922720451b291d"
"FCBC70","0xd986293854866be42d7ba9e606bd1b88fd7f9c94"
"FCBC71","0x986603f8b17684278d5db7c2b11100322a986332"
"FCBC72","0xaf34629c15f74eaa79d722a3bbe083a251e9247b"
"FCBC73","0xcd69a87977c31dd415202400fcc65f890417147d"
"FCBC74","0x6a7276f33cc7ac1535582e8db2c03e06303aef91"
"FCBC75","0xfd0520391ed2af8f35cb820ac4071660edeeb6cc"
"FCBC76","0x0d6108fe2ad94af958a9b9cce4acc4d0ce1dd204"
"FCBC77","0x37ed4c70cff6d8b1fb6cf8e49891b86b124a4e8d"
"FCBC78","0x645125038db964d3e292ff1a0809d9a8b48ac2ce"
"FCBC79","0xee2c89f92149b404470917c460c7fbecc3dc562d"
"FCBC80","0xfeed7859aebfffde96bb0dbda5ddc4406c1a852a"
"FCBC81","0x449cad25790152babd45325f1b2f596f25630f68"
"FCBC82","0x78f9107e56b6b0ad322250acd3dae68cc7dc78f4"
"FCBC83","0x445fd1cf32afbe5942a14f167c12a5c57b92788b"
"FCBC84","0x191acf2e28a199213f5b3b470b11b14a6c23a89b"
"FCBC85","0xa738e483037b85bb62d49f3f0446a1de2ae88747"
"FCBC86","0x2e767cd06120430b7fe5be6af46850c5ca388033"
"FCBC87","0xb64e295a83c67f6f3d25e8b4f3f8e40e0680c6b7"
"FCBC88","0xef9428bc0be11c448bc70707c6b6f9268b0a99c8"
"FCBC89","0xff7ec2b1855e74675d4acb356ebeefe771dcb808"
"FCBC90","0x4576355cb8c80ec56c394994bb76e4652f1dd8e7"
"FCBC91","0xff172eebc8fddbed6ee5c49e6e55454ba259c466"
"FCBC92","0x247db34ef4063887f383174711026abc65468b26"
"FCBC93","0x8cf6354a8f44c7b0d825ae2ea4e337781d71bbdf"
"FCBC94","0x7b19480cd599b26ed42a0eb82962e906255b3eec"
"FCBC95","0x481f9cfb5688ac93f55bf98b450ea795cc84e4db"
"FCBC96","0xe711715555241676520e86cc7ab3931d078c5659"
"FCBC97","0x6c3eefdcfab4831cf34a6a506f3aab8f6b77e899"
"FCBC98","0xa05466a01ea5f509fd828468204c8dcfa6b12635"
"FCBC99","0x4db73498a20d029fac7526e5b58ce09dd6614807"
"FCBC100","0x7db7b035ea3b46af3fc50f4167647050d3f101e0"
"FCBC101","0x9615d96e6e407c68c36e73543fd7cd2d057a5318"
"FCBC102","0x0b5d47fe122ba0c7d7f758ee18a13529d06e02bc"
"FCBC103","0xb7ed1c1333b4ebff2f8ea603fb0b8b658edbe701"
"FCBC104","0x6779a04e313d7776812ea9aaf1356896eede8e6e"
"FCBC105","0x905e2b74524fdedb620d3fe63c51163c046379bf"
"FCBC106","0x38138b5f60e8762c2e3f3ca99a381cd244b0faaa"
"FCBC107","0xa797dc9a1a8f3211856042a406c33dc145a2ad2c"
"FCBC108","0xf1523d91bee3f7b8adad20a265625fdc825701e7"
"FCBC109","0x719b763b95a15594d8dd2aa732582354d4df1dd8"
"FCBC110","0x23b017255e86f916893e26f9c1bb0554286373dd"
"FCBC111","0x99c39f9c760ffe9b78b84dc7ce4006bdeb7f98a0"
"FCBC112","0x3b3685f9f7d9dfff79617e407de98681856487ab"
"FCBC113","0xd952d960174d820102cef5667c18334b430b183b"
"FCBC114","0xeb67e2dac4a8361071c28ef25b036d26cc6fefef"
"FCBC115","0x7ff67704215c094339817720f5d002c4928e51aa"
"FCBC116","0xd0a8d72f16374773bb8076c1bab70484a842018a"
"FCBC117","0x0f6d39d7043818208b600e4beda74ae17609a90f"
"FCBC118","0x1e9b3247d8b4964b34f10d93b86213c24c6448bb"
"FCBC119","0x17fed8c934df6a3cdd056317d523c09316d57f12"
"FCBC120","0xdf83e62d4ef5c400a0cc5c7fc7577d04a8a1bec4"
"FCBC121","0x10f6efbae645ce88ad629b36d93e4b90369473c8"
"FCBC122","0xfd528e26bc47eb93f585be5b2719fbd58631e26c"
"FCBC123","0x4d0579ee91ebe1944b8299da7bd11d005a1271af"
"FCBC124","0xad64cde721927747f1c694ca79f2b80da33b84e2"
"FCBC125","0x07ec0f345d47afe694c6062008ee7f2cab117a15"
"FCBC126","0x0966cba39e735ae0926f580183bf88373e58ae03"
"FCBC127","0xa1423f4a0a0310989931e8065219e87bd86b480a"
"FCBC128","0xd48587bbe32441a8b73f13369fe8ce36eb9b05a2"
"FCBC129","0xc47b4b621302e92093071ea7169de39ab1814fca"
"FCBC130","0x2ac032b93313e16320f8d072352f8065ede80677"
"FCBC131","0xd6a2b8737d6f54b7a0dcf110da643a9241c4a8d7"
"FCBC132","0x025dba9af93d0d64620b0b74e893c2fe61d02655"
"FCBC133","0x46f3a0f7cfa1a8f4cd0fb58a9f46a4bfe0027ae3"
"FCBC134","0x593f5ca201e3f84479975e487086cced561789cd"
"FCBC135","0xace7941964a2e07505ab5c1a29221ed4de618363"
"FCBC136","0x63d84ebe8c2c42cbd136a7e0c64cae80feb7ef60"
"FCBC137","0x8905dcf5298f3975d7fd1815fc9e68863865d04f"
"FCBC138","0x6d272ae0d1f5d6c06f7313d104247c720f45957d"
"FCBC139","0x36609ecde3d6eb2b79d638aedbe15ea8fc9f5704"
"FCBC140","0x2079a62c94e2d57b48d2d722316bbfb24ce46897"
"FCBC141","0xb2b80370555f535b59d963cea78e9b72b09ba2a3"
"FCBC142","0x6a460d571bbe6844cd64016c7fd7a418e69b453f"
"FCBC143","0x3252c52b4899cf944d2922f06fc088d5e9464731"
"FCBC144","0xe866a8465c7df370d26d817707147cbdd2bc92c5"
"FCBC145","0xfa528a80d6069532b7ab9076e2c4de5f22a20853"
"FCBC146","0x014cf9d815995b332f2acb26ffd03a23edb5df59"
"FCBC147","0xba5c9d6ce2d6303ef743d4aecfa94e00297825a3"
"FCBC148","0x2c9dbfa9e0c4b0f7a3c1487d99e4b49bc1454dac"
"FCBC149","0x328b672a33b21f492299f2e78b51f15bc83e2726"
"FCBC150","0x04ce5381804368f1c69a261957cf94a135cb075d"
"FCBC151","0xd1682e7967485ad8c1e5e6ae255ee4cf304e42ae"
"FCBC152","0x78a11ae64c4b882290caf2e20c9581adf357d3d2"
"FCBC153","0x510323b64fe75ea6329c55398cfa5c9c8f54a689"
"FCBC154","0x694afe99ed6c4eb6ba343d8920617f79c088b2f8"
"FCBC155","0xc329bae6d75c0dcbd244ff5fe3570141646f7457"
"FCBC156","0xea7b36449d5aa0c8bb161094a0f6018e7ae42f64"
"FCBC157","0x019be79631f91fa6a2546da82adeb6c8f2df408b"
"FCBC158","0x1bf5fc83698df632448268dd255a17d5792dc421"
"FCBC159","0x8a77c4f3cb65cb25fe17d5bde7ea171aeb2e0ce9"
"FCBC160","0x85b501243f17386d8b933e8f56c9b5710124102c"
"FCBC161","0xa13de41c6044818bdbdd012aee76768a91387c38"
"FCBC162","0x48b472d3456ebb2afee6d81d0f0fc637ba487f50"
"FCBC163","0xbcada9e5827f050acc608b93c889d93f4e933b38"
"FCBC164","0x545c68c6a1b38c0167b99ee40091cadba9e2ce24"
"FCBC165","0xa1a96956976ab2d61167129171a4520d2d0c5567"
"FCBC166","0x30120c484b550dc8c5396110d27d982304b96a0b"
"FCBC167","0x4b203bc1d6ec24ddcbfc72ec599841e1a4829b43"
"FCBC168","0x571f463dbccf315e9e665ad9034be2d279ae41c3"
"FCBC169","0x5cdf7894381075226ec402d0a133480b6fe1abee"
"FCBC170","0x464bb18bf3dedcb99456591251688451c662c678"
"FCBC171","0xefde1a803c51a135c0d8a7324ebc0479e6a8f3a7"
"FCBC172","0x5bb5a1dac6a75ddde79126575185a4e5bc1cf2ba"
"FCBC173","0xa96822460d90973d089dd18bd9d8c056db7f47a9"
"FCBC174","0x2daec16125ae1afe8dd89cebd8223f47e412a9cb"
"FCBC175","0x06c6bbf4196d1e9bf041f4037d8acaef4c77ab70"
"FCBC176","0x16b1e4419d631b67fd0b127ab11e8e5f4fe95621"
"FCBC177","0x77a73a55378608b195d430575595694756b3d39a"
"FCBC178","0x44584e0432718cfaadda91804c1f8d577ae3945a"
"FCBC179","0xce43e5e3ead040fe82d541f86f20e2e95a7ac7e1"
"FCBC180","0x300d182d6cd703e084b22ff9227bdb960ca15ef4"
"FCBC181","0xb4a2886eb0ffd5e1b8f092d98b7cef8099ca219f"
"FCBC182","0x708d4f09dac7d503ddd15d6bee7a6f21320761a0"
"FCBC183","0x8d4ae4d060544f6a08a76b4d027e7b5db4e95f95"
"FCBC184","0xe0116beddbda63935334d1af7409b5cc7f32e583"
"FCBC185","0x985c1ce7a3c5cd3112c2ccf63079627270871b78"
"FCBC186","0xdc94b0b60375edace79aa7b7d9eca5fc739788da"
"FCBC187","0xa9909db09899c6be65815bcdde5700a426a62512"
"FCBC188","0xe74b0f914069b85b93c3f0514d83fb56b0ec0221"
"FCBC189","0x08495ed22240c3d909f876409c935b60ac9e0378"
"FCBC190","0x2dec1a0b51e851613c48d7dd4bd610eac68f60d2"
"FCBC191","0x279c27b41cdedcf7a652ce5166c8215df6422ada"
"FCBC192","0xbdaf11b1630b1f566734220400ed89d86924fb96"
"FCBC193","0x18bd10507876f116edb4b83e845a8a5722f72584"
"FCBC194","0x8fbfb74df3ecac453877db6878e7f2d826b246a4"
"FCBC195","0x62e29e961d6753a030a91f18983619f4531532d9"
"FCBC196","0xccfcfe9be13600a22283943b319f04be4e6b7df6"
"FCBC197","0x5fbf599b9a0e1f4c4a7a2ef3ae616ee505b6a36c"
"FCBC198","0x21ca6499dc6e86297bfda28dcfe0c3365b889a24"
"FCBC199","0x27e4f043347cbba06d2239dacf39ddabe56f467a"
"FCBC200","0xb6df83c801ea6b709c7340460fcbc4164af75818"
"FCBC201","0x3546421dc3fe07d1802b83d907d9f9c2bea81743"
"FCBC202","0x414a71a573bdd3d3f1e141c34f71574b0b07a104"
"FCBC203","0xdbe489b7dea286ada0444ff3adf427c56280dd7d"
"FCBC204","0xbd3449ff68ceccc2c56eb5fd976586b5a3470640"
"FCBC205","0x5fc77261d7a79191fbcf8b97c5ec7666872defcf"
"FCBC206","0xc434c9efe0092bb77d9bd1a8901b099a72e9217c"
"FCBC207","0x85bcd72196849bde4546242174a96592183474e3"
"FCBC208","0x418a3e48126493d02fdbf38058fd6f6b031764f2"
"FCBC209","0x9930471644d30f08807143eedec6cbef8852150d"
"FCBC210","0x75db0f2682dcd29476b833067f1fe4740a5e074b"
"FCBC211","0xb0f03825f4a91ec1cbb3167286d39914d5b817a4"
"FCBC212","0x1596c3d37acd997c6ecd04533145384ad9d190db"
"FCBC213","0xc0d4ed3808854d1942d0ad307f359bbffe83bdbe"
"FCBC214","0x1f0d47fe6ae876ad6fcea32452b57c5a1277bbd5"
"FCBC215","0xe3cd809cf1a5e6c6948b7371cbd65af35966d7fd"
"FCBC216","0x46f028997aa5d135a27b20b1f9e73855973467d0"
"FCBC217","0x21485756a5060cc4dcc72570f0418ddf5a0dbd65"
"FCBC218","0xbf92088ea299dd90bae990137a21e1b7ebc33931"
"FCBC219","0x8fc022fa367f72dfd68adf156c88ebc227c79223"
"FCBC220","0xb8a62e526f9bd69f7475f2d18b975effa8f387cf"
"FCBC221","0xc4b2eccb9fe935cd33f52b226739815e8085bc7f"
"FCBC222","0x90504c553ab8a5acd3df49a2cc39623d35ae14e1"
"FCBC223","0x708d6af88d1ee84f46933a3e5d191f7605288585"
"FCBC224","0xe934f5fe50b423603d68ff480324dbeff0c2fecc"
"FCBC225","0xee90856a23bf59e31779d47f1bd9c33a1516fd7f"
"FCBC226","0xb0dc79333855fa63398d5ef89c2c1874ee7d3fb7"
"FCBC227","0x53a3298a53b8e5152a4e3a9f889154b6910d727d"
"FCBC228","0x4b2889347f51d73a67b7c915e676884cc106ba4f"
"FCBC229","0x8baf84fb16cf02deb7a9c4152b815e3355e67b2f"
"FCBC230","0x25b3b1c01e1a10e626daf65407c225bfd34ee2e4"
"FCBC231","0xe29fdacbfc0c75b1fe38d989269dcd52f42a2ada"
"FCBC232","0x1d1da16b2ae9bfc53ec00b9fc2b69a2c9d23fcae"
"FCBC233","0x0a09880721fb675f758767a5f7478c16f8a871ba"
"FCBC234","0xd118a40c3a66d28be96b6de089b4272fe657dd4c"
